Armory January Middle School Invitational Sponsored by NYRR,2017-01-04,Armory Track
NYRR Joe Kleinerman 10K,2017-01-07,Central Park
NYRR Millrose Games Trials,2017-01-11,Armory Track
NYRR Night at the Races,2017-01-12,Armory Track
NYRR Fred Lebow Manhattan Half,2017-01-22,Central Park
NYRR Night at the Races,2017-01-26,Armory Track
NYRR Gridiron 4M /Longest Football Throw,2017-02-05,Central Park
NYRR Millrose Games Youth Clinic,2017-02-09,Armory Track
NYRR Millrose Games,2017-02-11,Armory Track
NYRR Al Gordon 4M,2017-02-25,Prospect Park
NYRR Night at the Races,2017-03-02,Armory Track
Armory Youth Championships Sponsored by NYRR,2017-03-04,Armory Track
NYRR Washington Heights Salsa Blues and Shamrocks 5K,2017-03-05,Manhattan
Kids Races at the NYRR Washington Heights Salsa Blues and Shamrocks 5K,2017-03-05,Manhattan
United Airlines NYC Half,2017-03-19,Manhattan
NYRR Times Square Youth Run at the United Airlines NYC Half,2017-03-19,Manhattan
Armory NYC Indoor Marathon Presented by NYRR,2017-03-24,Armory Track
NYRR Central Park Spring Classic 10K,2017-03-25,Central Park
Boomerâ€™s Cystic Fibrosis Run to Breathe (4M),2017-04-01,Central Park
NYRR 10K,2017-04-09,Central Park
Run as One (4M) Presented by JPMorgan Chase,2017-04-23,Central Park
SHAPE Women's Half-Marathon,2017-04-30,Central Park
Japan Run (4M),2017-05-14,Central Park
Airbnb Brooklyn Half,2017-05-20,Brooklyn
NYRR 4M,2017-06-04,Central Park
Global Running Day,2017-06-07,Five Boroughs
NYRR New York Mini 10K,2017-06-10,Manhattan
NYRR Queens 5K,2017-06-17,Queens
NYRR Five-Borough Series: Queens 10K,2017-06-17,Queens
Front Runners New York LGBT Pride Run (5M),2017-06-24,Central Park
Achilles Hope & Possibility (4M),2017-06-25,Central Park
NYRR 4M,2017-07-08,Central Park
TCS New York City Marathon Long Training Run #1,2017-07-22,Central Park
NYRR R-U-N 5K,2017-07-27,Central Park
NYRR Team Championships: Women (5M),2017-08-05,Central Park
NYRR Team Championships: Men (5M),2017-08-05,Central Park
TCS New York City Marathon Long Training Run #2,2017-08-13,Central Park
NYRR 8K,2017-08-20,Central Park
Percy Sutton Harlem 5K Run,2017-08-26,Manhattan
Percy Sutton Harlem Walk,2017-08-26,Manhattan
New Balance 5th Avenue Mile,2017-09-10,Manhattan
TCS New York City Marathon Tune-Up (18M),2017-09-17,Central Park
New Balance Bronx 10 Mile,2017-09-24,Bronx
Grete's Great Gallop,2017-10-01,Central Park
NYRR Staten Island Half, 2017-10-08,Staten Island
Ragnar Trail Wawayanda Lake, 2017-10-13,New Jersey
Poland Spring Marathon Kickoff (5M),2017-10-29,Central Park
Abbott Dash to the Finish Line 5K,2017-11-04,Manhattan
TCS New York City Marathon,2017-11-05,Five Boroughs
NYRR NYC 60K,2017-11-18,Central Park
Race to Deliver 4M To Benefit Gods Love We Deliver,2017-11-19,Central Park
Jingle Bell Jog,2017-12-02,Prospect Park Bandshell
NYRR Ted Corbitt 15K,2017-12-09,Central Park
NYRR Midnight Run,2017-12-31,Central Park
Bank of America Chicago Marathon,2017-10-08,Chicago
Tokyo Marathon 2017,2017-02-26,Tokyo
Boston Marathon,2017-04-17,Boston
Virgin Money London Marathon,2017-04-23,London
Berlin Marathon,2017-09-23,Berlin
